scene_id,section,page_url,start_time,end_time,duration_seconds,max_words,narration_text,visual_action,pronunciation_notes,audio_filename
intro_slide1,introduction,generated-title-card,0.0,4.96,4.96,10,"Регулярне забезпечення офісу – це більше, ніж повторення попереднього замовлення.",Title card,,intro_slide1.mp3
intro_slide2,introduction,generated-title-card,4.96,9.74,4.78,8,"Споживання змінюється, запаси закінчуються, а бюджет має обмеження.",Problem card,,intro_slide2.mp3
intro_slide3,introduction,generated-title-card,9.74,13.71,3.97,9,Блекаути додають ризик – для людей і для логістики.,Solution card,,intro_slide3.mp3
intro_slide4,introduction,generated-title-card,13.71,19.27,5.56,11,Агентна оркестрація та MCP аналізують потреби й готують рішення для менеджера.,MCP card,,intro_slide4.mp3
main_hero,main_presentation,https://silpo-b2b-resilience-production.up.railway.app/,18.63,26.52,7.89,14,Silpo B2B Procurement & Resilience – головний застосунок для щотижневого й резилієнтного постачання офісу.,Header + Dashboard,,main_hero.mp3
main_alerts,main_presentation,https://silpo-b2b-resilience-production.up.railway.app/,26.52,32.79,6.27,12,Система стежить за фактичним споживанням і одразу показує сигнали дефіциту чи надлишку.,Consumption alerts,,main_alerts.mp3
main_forecast_agent,main_presentation,https://silpo-b2b-resilience-production.up.railway.app/,32.79,39.27,6.48,13,DemandAgent аналізує історію споживання і формує прогноз – це видно в кожному поясненні.,AI Forecast Reasoning (DemandAgent),,main_forecast_agent.mp3
main_budget_agent,main_presentation,https://silpo-b2b-resilience-production.up.railway.app/,39.27,44.91,5.64,12,"BudgetPolicyAgent зіставляє рекомендацію з бюджетом ще до того, як її побачить людина.",Budget Optimization (BudgetPolicyAgent),,main_budget_agent.mp3
portal_open,portal_demo,https://silpo-b2b-resilience-production.up.railway.app/portal/,43.6,49.95,6.35,12,"Ось робочий портал менеджера – DreamGift Atelier, сорок співробітників, реальний профіль офісу.",Portal opening,,portal_open.mp3
portal_power,portal_demo,https://silpo-b2b-resilience-production.up.railway.app/portal/,49.95,56.63,6.69,14,"Дані про живлення внесено вручну – система враховує реальний ризик відключення, а не вигаданий.",Power situation,,portal_power.mp3
portal_risk,portal_demo,https://silpo-b2b-resilience-production.up.railway.app/portal/,56.63,63.09,6.45,13,"Запас батарейок, ліхтарів і свічок нижчий за потрібний рівень – це критичні resilience-товари.",Office operational risk,,portal_risk.mp3
portal_gap,portal_demo,https://silpo-b2b-resilience-production.up.railway.app/portal/,63.09,68.73,5.64,13,Агент точно бачить дефіцит по кожній позиції – скільки одиниць бракує вже сьогодні.,Stock gap detail,,portal_gap.mp3
portal_forecast,portal_demo,https://silpo-b2b-resilience-production.up.railway.app/portal/,70.42,76.4,5.98,13,Попит агент рахує на основі історії споживання й очікуваної явки – не навмання.,Demand forecast,,portal_forecast.mp3
portal_procurement,portal_demo,https://silpo-b2b-resilience-production.up.railway.app/portal/,76.4,83.95,7.55,15,"Кошик формується з каталогу Сільпо: товари, кількість, ціна – разом майже п'ять тисяч сімсот гривень.",Silpo procurement recommendation,,portal_procurement.mp3
portal_budget,portal_demo,https://silpo-b2b-resilience-production.up.railway.app/portal/,83.95,91.05,7.11,14,"Коли категорія перевищує ліміт, агент сам коригує кількість – рішення завжди влазить у бюджет.",Budget decision,,portal_budget.mp3
portal_delivery,portal_demo,https://silpo-b2b-resilience-production.up.railway.app/portal/,91.05,96.38,5.33,11,"При високому ризику доставку зсувають раніше, щоб запас прибув до відключення.",Delivery timing,,portal_delivery.mp3
portal_branch,portal_demo,https://silpo-b2b-resilience-production.up.railway.app/portal/,96.38,103.67,7.29,14,"Система шукає філію Сільпо, яка працює на генераторі, і чесно повідомляє, якщо підтвердженої немає.",Resilient branch,,portal_branch.mp3
portal_approval,portal_demo,https://silpo-b2b-resilience-production.up.railway.app/portal/,103.67,111.69,8.02,16,"Але рішення ухвалює людина: без затвердження менеджера кошик не рушить далі, і замовлення не оформлюється автоматично.",Human approval,,portal_approval.mp3
portal_esg,portal_demo,https://silpo-b2b-resilience-production.up.railway.app/,111.69,117.48,5.8,12,"Здані на переробку батарейки система теж рахує – чесно, без вигаданих CO2-цифр.",ESG / recycling,,portal_esg.mp3
closing_card,closing,generated-title-card,117.1,127.34,10.24,17,Silpo B2B Procurement & Resilience перетворює закупівлі офісу на передбачуваний і стійкий процес. Менеджер зберігає фінальний контроль.,Closing title card,,closing_card.mp3
